<?xml version="1.0" encoding="UTF-8"?>
<project-private xmlns="http://www.netbeans.org/ns/project-private/1">
    <editor-bookmarks xmlns="http://www.netbeans.org/ns/editor-bookmarks/2" lastBookmarkId="0"/>
    <open-files xmlns="http://www.netbeans.org/ns/projectui-open-files/2">
        <group>
            <file>file:/D:/MiniLibrary/src/minilibrary/form_Edit_buku.java</file>
            <file>file:/D:/MiniLibrary/src/minilibrary/dashboard_admin.java</file>
            <file>file:/D:/MiniLibrary/src/minilibrary/manajemen_peminjama_pengembalian.java</file>
            <file>file:/D:/MiniLibrary/src/minilibrary/login_admin.java</file>
            <file>file:/D:/MiniLibrary/src/minilibrary/Buku.java</file>
            <file>file:/D:/MiniLibrary/src/minilibrary/laporan.java</file>
            <file>file:/D:/MiniLibrary/src/minilibrary/form_tambah_buku.java</file>
        </group>
    </open-files>
</project-private>
